username;date;retweets;favorites;text;geo;mentions;hashtags;id;permalink;retweetornot
PegSta54;2018-06-15 19:43;0;1;"Powerful, sobering, uplifting. #WalkAway gives hope. This is a young man who has seen through the charade. https://www. youtube.com/attribution_li nk?a=sO6_rYw30I8&u=%2Fwatch%3Fv%3D4Pjs7uoOkag%26feature%3Dshare …";;;#WalkAway;"1007770569348145152";https://twitter.com/PegSta54/status/1007770569348145152;0
MsDianey;2018-06-15 18:54;0;1;"@GayRepublicSwag Did you see this guy?? Fantastic video! #WalkAway @usminority https:// youtu.be/4Pjs7uoOkag";;@GayRepublicSwag @usminority;#WalkAway;"1007758397905571840";https://twitter.com/MsDianey/status/1007758397905571840;0
AndrewGoetz1;2018-06-15 17:38;0;0;"#WalkAway This is great! Keep up the work and passing those "red pills" out! @usminority @PeteHolmbergNYC https:// twitter.com/usminority/sta tus/1007731485191933952 …";;@usminority @PeteHolmbergNYC;#WalkAway;"1007739228044881920";https://twitter.com/AndrewGoetz1/status/1007739228044881920;1
sammymbausa;2018-06-15 17:14;0;0;"Britta & Dirk - Tanz mit mir (Offizielles Video) https:// youtu.be/UAijafWqEnk #MAGA #QAnon #MakeAmericaGreatAgain #WalkAway @USMinority #FireMueller #FireRosenstein #TerroristDemocRats #TerroristDemocRatMedia #TerroristOpenBorder";;@USMinority;#MAGA #QAnon #MakeAmericaGreatAgain #WalkAway #FireMueller #FireRosenstein #TerroristDemocRats #TerroristDemocRatMedia #TerroristOpenBorder;"1007733091379699714";https://twitter.com/sammymbausa/status/1007733091379699714;0
sammymbausa;2018-06-15 17:13;0;0;"Cathrin Geissler - Er Kommt Wieder Her (Offizielles Video) https:// youtu.be/XONboPKl644 #MAGA #QAnon #MakeAmericaGreatAgain #WalkAway @USMinority #FireMueller #FireRosenstein #TerroristDemocRats #TerroristDemocRatMedia #TerroristOpenBorder";;@USMinority;#MAGA #QAnon #MakeAmericaGreatAgain #WalkAway #FireMueller #FireRosenstein #TerroristDemocRats #TerroristDemocRatMedia #TerroristOpenBorder;"1007732888731824131";https://twitter.com/sammymbausa/status/1007732888731824131;0
sammymbausa;2018-06-15 17:11;0;0;"Shakira - Me Enamoré (Official Video) https:// youtu.be/sPTn0QEhxds #MAGA #QAnon #MakeAmericaGreatAgain #WalkAway @USMinority #FireMueller #FireRosenstein #TerroristDemocRats #TerroristDemocRatMedia #TerroristOpenBorder";;@USMinority;#MAGA #QAnon #MakeAmericaGreatAgain #WalkAway #FireMueller #FireRosenstein #TerroristDemocRats #TerroristDemocRatMedia #TerroristOpenBorder;"1007732442394918913";https://twitter.com/sammymbausa/status/1007732442394918913;0
sammymbausa;2018-06-15 17:09;0;0;"Shakira - Waka Waka (This Time for Africa) (The Official 2010 FIFA World... https:// youtu.be/pRpeEdMmmQ0 #MAGA #QAnon #MakeAmericaGreatAgain #WalkAway @USMinority #FireMueller #FireRosenstein #TerroristDemocRats #TerroristDemocRatMedia #TerroristOpenBorder";;@USMinority;#MAGA #QAnon #MakeAmericaGreatAgain #WalkAway #FireMueller #FireRosenstein #TerroristDemocRats #TerroristDemocRatMedia #TerroristOpenBorder;"1007731852214460416";https://twitter.com/sammymbausa/status/1007731852214460416;0
ShawnPortwood;2018-06-15 17:08;1;21;"Ha, omg are you serious? You cannot make this up. #WalkAway from the lies.";;;#WalkAway;"1007731622953865217";https://twitter.com/ShawnPortwood/status/1007731622953865217;0
sammymbausa;2018-06-15 17:07;0;0;"Waka Waka (Esto es Africa) (Cancion Oficial de la Copa Mundial de la FIF... https:// youtu.be/dzsuE5ugxf4 #MAGA #QAnon #MakeAmericaGreatAgain #WalkAway @USMinority #FireMueller #FireRosenstein #TerroristDemocRats #TerroristDemocRatMedia #TerroristOpenBorder";;@USMinority;#MAGA #QAnon #MakeAmericaGreatAgain #WalkAway #FireMueller #FireRosenstein #TerroristDemocRats #TerroristDemocRatMedia #TerroristOpenBorder;"1007731446365204480";https://twitter.com/sammymbausa/status/1007731446365204480;0
gken57;2018-06-15 16:22;0;1;"EU making preparations for possibility of Brexit being postponed - The Independent - let’s hope this a an April Fools............. Parliament has no mandate to postpone Brexit so this could become interesting. #walkaway https:// apple.news/Az8o5hcswSzaTN uUoyGpdHQ …";;;#walkaway;"1007719986721443840";https://twitter.com/gken57/status/1007719986721443840;0
OpenThePrimary;2018-06-15 16:14;3;5;"#mngop #mnleg Time to #WalkAway from 10 years of multi million dollar #WelfareFraud . Meet and greet w #AttorneyGeneral contender for #MN @doug_wardlow ! RSVP required #AllAreWelcome #LeadRight #MAGA #MN pic.twitter.com/gasFrbjFRO";;@doug_wardlow;#mngop #mnleg #WalkAway #WelfareFraud #AttorneyGeneral #MN #AllAreWelcome #LeadRight #MAGA #MN;"1007717974608896000";https://twitter.com/OpenThePrimary/status/1007717974608896000;0
elitefeat;2018-06-15 15:47;0;0;"David, you simply can't deny that President Trump is getting things done. More and more minorities are waking up and walking away from the Democratic plantation. #WalkAway #Trump2020Landslide #MAGA";;;#WalkAway #Trump2020Landslide #MAGA;"1007711212958830593";https://twitter.com/elitefeat/status/1007711212958830593;0
iamcline_;2018-06-15 15:43;0;0;"#WhyILeft #WalkAway #LiberalismIsAMentalDisorder https://www. youtube.com/watch?v=4Pjs7u oOkag …";;;#WhyILeft #WalkAway #LiberalismIsAMentalDisorder;"1007710083537686528";https://twitter.com/iamcline_/status/1007710083537686528;0
jcstinson;2018-06-15 15:42;0;0;"#WalkAway Campaign- WHY I LEFT LIBERALISM & THE DEMOCRATIC PARTY (Yes this Gentleman is real ) https:// youtu.be/4Pjs7uoOkag via @YouTube";;@YouTube;#WalkAway;"1007709994052145152";https://twitter.com/jcstinson/status/1007709994052145152;0
JohnGaltAyn;2018-06-15 15:37;0;1;"President Trump: Impromptu Briefing from White House South Lawn 6/15/2018 https:// youtu.be/NjEbCCh3Ptc Truly proud I voted for this GREAT man. #Blacks4Trump ! #leavetheplantation #blaxit #walkaway #democraticplantation #melaninmagic record #blackemployment #dowjones #worldpeace #WIN";;;#Blacks4Trump #leavetheplantation #blaxit #walkaway #democraticplantation #melaninmagic #blackemployment #dowjones #worldpeace #WIN;"1007708778190405632";https://twitter.com/JohnGaltAyn/status/1007708778190405632;0
alba_ks;2018-06-15 15:26;0;1;"#ReleaseTheUnredactedIGReport #ReleaseTheIGReportUnredacted #ReleaseTheUnredactedReport #IGReport #unmodified #FireRosenstein #FireRodRosenstein #WalkAway @realDonaldTrump https:// twitter.com/mitchellvii/st atus/1007583562281967616 …";;@realDonaldTrump;#ReleaseTheUnredactedIGReport #ReleaseTheIGReportUnredacted #ReleaseTheUnredactedReport #IGReport #unmodified #FireRosenstein #FireRodRosenstein #WalkAway;"1007705968816291849";https://twitter.com/alba_ks/status/1007705968816291849;1
alba_ks;2018-06-15 15:25;0;0;"#ReleaseTheUnredactedIGReport #ReleaseTheIGReportUnredacted #ReleaseTheUnredactedReport #IGReport #unmodified #FireRosenstein #FireRodRosenstein #WalkAway @realDonaldTrump https:// twitter.com/LisaMei62/stat us/1007666857736921088 …";;@realDonaldTrump;#ReleaseTheUnredactedIGReport #ReleaseTheIGReportUnredacted #ReleaseTheUnredactedReport #IGReport #unmodified #FireRosenstein #FireRodRosenstein #WalkAway;"1007705792399708160";https://twitter.com/alba_ks/status/1007705792399708160;1
MyRightSide;2018-06-15 15:24;0;0;"It’s nice to see a left-wing publication openly proclaim that they are a far-left-wing publication. CNN next? #WalkAway https:// twitter.com/thenation/stat us/1003718056978182144 …";;;#WalkAway;"1007705492901257217";https://twitter.com/MyRightSide/status/1007705492901257217;1
alba_ks;2018-06-15 15:24;0;0;"#ReleaseTheUnredactedIGReport #ReleaseTheIGReportUnredacted #ReleaseTheUnredactedReport #IGReport #unmodified #FireRosenstein #FireRodRosenstein #WalkAway @realDonaldTrump P";;@realDonaldTrump;#ReleaseTheUnredactedIGReport #ReleaseTheIGReportUnredacted #ReleaseTheUnredactedReport #IGReport #unmodified #FireRosenstein #FireRodRosenstein #WalkAway;"1007705405492023301";https://twitter.com/alba_ks/status/1007705405492023301;0
alba_ks;2018-06-15 15:19;0;0;"#ReleaseTheUnredactedIGReport #ReleaseTheIGReportUnredacted #ReleaseTheUnredactedReport #IGReport #unmodified #FireRosenstein #FireRodRosenstein #WalkAway @realDonaldTrump https:// twitter.com/OathBroken0311 /status/1007674060099215360 …";;@realDonaldTrump;#ReleaseTheUnredactedIGReport #ReleaseTheIGReportUnredacted #ReleaseTheUnredactedReport #IGReport #unmodified #FireRosenstein #FireRodRosenstein #WalkAway;"1007704144440852482";https://twitter.com/alba_ks/status/1007704144440852482;1
alba_ks;2018-06-15 15:17;0;0;"#ReleaseTheUnredactedIGReport #ReleaseTheIGReportUnredacted #ReleaseTheUnredactedReport #IGReport #unmodified #FireRosenstein #FireRodRosenstein #WalkAway @realDonaldTrump https:// twitter.com/stranahan/stat us/1007700514946076672 …";;@realDonaldTrump;#ReleaseTheUnredactedIGReport #ReleaseTheIGReportUnredacted #ReleaseTheUnredactedReport #IGReport #unmodified #FireRosenstein #FireRodRosenstein #WalkAway;"1007703677187051524";https://twitter.com/alba_ks/status/1007703677187051524;1
LauraKeys711;2018-06-15 15:12;1;1;"You read it right. #Iranian #women can’t attend men’s games. I guess they’d just get too excited by all those hairy calves. #WorldCup #BanShariahLaw #MakeIranGreatAgain #MIGA #RegimeChange #WalkAway ⁦ @POTUS ⁩ http://www. chicagotribune.com/sports/soccer/ ct-spt-world-cup-support-iranian-women-panner-20180615-story.html …";;@POTUS;#Iranian #women #WorldCup #BanShariahLaw #MakeIranGreatAgain #MIGA #RegimeChange #WalkAway;"1007702408741335040";https://twitter.com/LauraKeys711/status/1007702408741335040;0
alba_ks;2018-06-15 15:08;0;0;"#ReleaseTheUnredactedIGReport #ReleaseTheIGReportUnredacted #ReleaseTheUnredactedReport #IGReport #Unmodified #WalkAway #FireRosenstein #FireRodRosenstein @realDonaldTrump https:// twitter.com/bocavista2016/ status/1007689812541919235 …";;@realDonaldTrump;#ReleaseTheUnredactedIGReport #ReleaseTheIGReportUnredacted #ReleaseTheUnredactedReport #IGReport #Unmodified #WalkAway #FireRosenstein #FireRodRosenstein;"1007701462955196417";https://twitter.com/alba_ks/status/1007701462955196417;1
Robbybeenhere;2018-06-15 14:59;0;0;"Also, #Infatuation #LovingMeForMe and #WalkAway #Needed #musicvideos cuz they could of been even Bigger. This stripped album is already #Epic but those videos would of...hell she could of retired after that #HandsDown #Amazing #ughhermind https:// m.soundcloud.com/robbybeenhere/ sets/not-an-ep …";;;#Infatuation #LovingMeForMe #WalkAway #Needed #musicvideos #Epic #HandsDown #Amazing #ughhermind;"1007699132973232129";https://twitter.com/Robbybeenhere/status/1007699132973232129;0
JohnGaltAyn;2018-06-15 14:45;0;0;"President Trump makes surprise appearance on 'Fox & Friends' https:// youtu.be/KCVSx_4V0wo Truly proud I voted for this GREAT man. #Blackpeople 4 Trump! #leavetheplantation #blaxit #walkaway #worldpeace #onekorea #summit2018 #DeepStateCorruption #TRUMPWINNING AMERICA is winning!";;;#Blackpeople #leavetheplantation #blaxit #walkaway #worldpeace #onekorea #summit2018 #DeepStateCorruption #TRUMPWINNING;"1007695632927154176";https://twitter.com/JohnGaltAyn/status/1007695632927154176;0
TopInfoBlogs;2018-06-15 14:42;0;0;"The #WalkAway Movement is growing by leaps and bounds. Thank God. Reject the HATE. Reject the Un-American socialist takeover of the Democratic Party. Reject the group-think lies.... https://www. facebook.com/usminority/vid eos/486555651765405/ …";;;#WalkAway;"1007694951424000000";https://twitter.com/TopInfoBlogs/status/1007694951424000000;0
TopInfoBlogs;2018-06-15 14:34;2;1;"TV Poll: 71% OF LIBERALS DON’T WANT PEACE Because Trump Would Take Credit; Only 29% Said They Wanted Peace GIVEN THE OPTION These are Americans?! Socialist liberals have taken over the Democratic Party. … https://thr oughthelookingglassnews.wordpress.com/2018/06/15/71- percent-of-liberals-dont-want-peace-because-trump-would-take-credit/ … #WalkAway";;;#WalkAway;"1007692957313478656";https://twitter.com/TopInfoBlogs/status/1007692957313478656;0
TopInfoBlogs;2018-06-15 14:29;3;5;"Yes, it really is. Sensible and sane Dem - who made a great decision to #WalkAway . Actually the Democratic Party left them. Nothing but loons left now.";;;#WalkAway;"1007691486220046336";https://twitter.com/TopInfoBlogs/status/1007691486220046336;0
TopInfoBlogs;2018-06-15 14:16;0;0;"Dems sick of the propaganda, manipulation, and HATE taking over their party are now joining the #WalkAway Movement. Started by this (former) Democrat - The Silent Majority. https://www. facebook.com/usminority/vid eos/486555651765405/ …";;;#WalkAway;"1007688315833729025";https://twitter.com/TopInfoBlogs/status/1007688315833729025;0
TopInfoBlogs;2018-06-15 14:13;11;17;"It's called the #WalkAway Movement, @NancyPelosi . People are getting real tired of the Dem BS. https://www. facebook.com/usminority/vid eos/486555651765405/ …";;@NancyPelosi;#WalkAway;"1007687659823738881";https://twitter.com/TopInfoBlogs/status/1007687659823738881;0
TeepicSoul;2018-06-15 13:55;0;0;"#WalkAway https:// twitter.com/kayafm95dot9/s tatus/1007682914413400064 …";;;#WalkAway;"1007682998576304134";https://twitter.com/TeepicSoul/status/1007682998576304134;1
eggrollcreative;2018-06-15 13:50;7;19;"Wow the dominoes are really falling . . . a lot of people sold their souls because they believed the ends justified the means. #WalkAway from that sinking ship!";;;#WalkAway;"1007681871818264576";https://twitter.com/eggrollcreative/status/1007681871818264576;0
Alpacalady13;2018-06-15 13:30;0;0;"@CNN @MSNBC @ABC @CBS @NBCNews How about you all agree that the next time S Sanders goes on a rant, You ALL know she is no really answering anything. You get up together and walk out!!!! #WalkAway";;@CNN @MSNBC @ABC @CBS @NBCNews;#WalkAway;"1007676764632571904";https://twitter.com/Alpacalady13/status/1007676764632571904;0
Cuzbiz;2018-06-15 13:23;9;15;"It’s about time people start to wake up and see the truth. #WalkAway Campaign- WHY I LEFT LIBERALISM & THE DEMOCRATIC PARTY https:// youtu.be/4Pjs7uoOkag via @YouTube";;@YouTube;#WalkAway;"1007675093135253504";https://twitter.com/Cuzbiz/status/1007675093135253504;0
manicornot1;2018-06-15 13:22;0;0;"Yes it is. Very little money sent to Haiti. Then campaign most money from Saudi Arabia. Then bankrupt. Open your eyes! out #WalkAway https:// twitter.com/ne0liberal/sta tus/1007420211522359296 …";;;#WalkAway;"1007674743057772545";https://twitter.com/manicornot1/status/1007674743057772545;1
TopInfoBlogs;2018-06-15 13:04;4;17;"Proof that #LiberalismIsAMentalDisorder . To actually hope peace does not succeed so @realDonaldTrump would not get credit for it. This is what the Dems have become - the Party of HATE. #WalkAway";;@realDonaldTrump;#LiberalismIsAMentalDisorder #WalkAway;"1007670231425150976";https://twitter.com/TopInfoBlogs/status/1007670231425150976;0
TopInfoBlogs;2018-06-15 13:04;1;2;"Proof that #LiberalismIsAMentalDisorder . To actually hope that peace does not succeed so @realDonaldTrump would not get credit for it. This is what the Democrats have become - they're the Party of Hate. UnAmerican HATE!! #WalkAway https:// twitter.com/BrentHBaker/st atus/1003709048557064199 …";;@realDonaldTrump;#LiberalismIsAMentalDisorder #WalkAway;"1007670178430087168";https://twitter.com/TopInfoBlogs/status/1007670178430087168;1
white_mgtow;2018-06-15 12:32;4;7;"My heart #swells with joy witnessing the distinct lack of #whiteknights today. More and more #men are walking away. #Excelsior ! #MGTOW #FridayFeeling #Walkaway #Liberty pic.twitter.com/PZJp6r3BiV";;;#swells #whiteknights #men #Excelsior #MGTOW #FridayFeeling #Walkaway #Liberty;"1007662190197800960";https://twitter.com/white_mgtow/status/1007662190197800960;0
Flygirl7813;2018-06-15 12:11;1;5;""If you are a person of color, an LGBT person, a woman, or an American immigrant, the Democratic Party wants you to know that you are are a VICTIM, and destined to stay that way." #WalkAway - WHY I LEFT LIBERALISM & THE DEMOCRATIC PARTY http:// youtu.be/4Pjs7uoOkag via @YouTube";;@YouTube;#WalkAway;"1007656972294844417";https://twitter.com/Flygirl7813/status/1007656972294844417;0
Jeannie___Marie;2018-06-15 12:09;0;1;"#WalkAway from the Democrats. #DemExit";;;#WalkAway #DemExit;"1007656357670150149";https://twitter.com/Jeannie___Marie/status/1007656357670150149;0
BeeBeeBeeLeaves;2018-06-15 12:08;3;1;"You are so awesome Roseanne. I could never forgive them, you know who you are "friends", for their ungrateful, nasty jerkery. Admittedly, my character flaw. Yes to NO racism, anti-Semitism, classism. Peace! Free people! #WalkAway #FreeThinkers #YesYouCanCan #ThankYouTrump pic.twitter.com/51a738ImS3";;;#WalkAway #FreeThinkers #YesYouCanCan #ThankYouTrump;"1007655982384611329";https://twitter.com/BeeBeeBeeLeaves/status/1007655982384611329;0
ConservWarrior;2018-06-15 12:07;0;0;"How DARE you sir for being so naive and brash. Stupidity can only go so far before someone realizes there is a better, smarter way. Maybe you'll see the light and #walkaway before it's too late. #MAGA2020 https:// twitter.com/DLoesch/status /1007643442510487552 …";;;#walkaway #MAGA2020;"1007655866609397764";https://twitter.com/ConservWarrior/status/1007655866609397764;1
Flygirl7813;2018-06-15 12:02;0;0;""If you are a person of color, an LGBT person, a woman, or an American immigrant, the Democratic Party wants you to know that you are are a VICTIM, and destined to stay that way." #WalkAway - WHY I LEFT LIBERALISM & THE DEMOCRATIC PARTY https:// youtu.be/4Pjs7uoOkag via @YouTube";;@YouTube;#WalkAway;"1007654492987219968";https://twitter.com/Flygirl7813/status/1007654492987219968;0
TheCaraGia;2018-06-15 12:00;0;0;"I support the #walkaway movement. The people joining it are waking up and seeing reality and others are there for support, encouragement and love. Please join me in supporting this movement. It could be the best thing to happen to this nation since JFK. https://www. facebook.com/story.php?stor y_fbid=10155334974971956&id=658361955 …";;;#walkaway;"1007653973719953414";https://twitter.com/TheCaraGia/status/1007653973719953414;0
PedroniVince;2018-06-15 11:52;0;0;"#walkaway";;;#walkaway;"1007652029022556165";https://twitter.com/PedroniVince/status/1007652029022556165;0
GODHEARTSOUL;2018-06-15 11:28;0;0;"I was impressed by the young man video #walkaway .";;;#walkaway;"1007646065103785985";https://twitter.com/GODHEARTSOUL/status/1007646065103785985;0
happit1776;2018-06-15 11:25;2;2;"A gay Liberal man speaks out and has had enough... #Walkaway slipping the Bondage of Identity politics: https://www. facebook.com/usminority/vid eos/489561048131532/ …";;;#Walkaway;"1007645383265316865";https://twitter.com/happit1776/status/1007645383265316865;0
TimSnowborn;2018-06-15 11:21;0;0;"If you’re a conservative who can’t believe Trump said this, it may be time to #WalkAway https:// twitter.com/numbersmuncher /status/1007610280476643328 …";;;#WalkAway;"1007644359011926016";https://twitter.com/TimSnowborn/status/1007644359011926016;1
USA4TRUMP;2018-06-15 11:19;0;0;"@POTUS @RealDonaldTrump @WhiteHouse @PressSec @seanhannity @SebGorka @Jim_Jordan @MattGaetz @TGowdySC @freedomcaucus @RepMarkMeadows @SenateGOP @HouseGOP @HouseJudiciary @senjudiciary @GOPoversight #WeThePeople #MAGA #ObamaGate #Mueller #ImpeachObama #SpyGate #WalkAway pic.twitter.com/axpeVuL0kI";;@POTUS @RealDonaldTrump @WhiteHouse @PressSec @seanhannity @SebGorka @Jim_Jordan @MattGaetz @TGowdySC @freedomcaucus @RepMarkMeadows @SenateGOP @HouseGOP @HouseJudiciary @senjudiciary @GOPoversight;#WeThePeople #MAGA #ObamaGate #Mueller #ImpeachObama #SpyGate #WalkAway;"1007643753463439362";https://twitter.com/USA4TRUMP/status/1007643753463439362;0
DogsMumm;2018-06-15 11:13;0;0;"Time to #WalkAway ? https:// twitter.com/usminority/sta tus/1007191747355729920 …";;;#WalkAway;"1007642158030090241";https://twitter.com/DogsMumm/status/1007642158030090241;1
happit1776;2018-06-15 11:11;1;0;"I will interview the founder of #walkaway - look for the MAGA movement that has supported him- Lots of articles about him! Cool! Love it!! #CommunityBustersNotOrganizers";;;#walkaway #CommunityBustersNotOrganizers;"1007641724280287232";https://twitter.com/happit1776/status/1007641724280287232;0
DogsMumm;2018-06-15 11:10;0;0;"@usminority wrote about this. #WalkAway";;@usminority;#WalkAway;"1007641443584892928";https://twitter.com/DogsMumm/status/1007641443584892928;0
glvr88;2018-06-15 11:10;1;1;"#walkaway https:// twitter.com/usminority/sta tus/1007191747355729920 …";;;#walkaway;"1007641424265916419";https://twitter.com/glvr88/status/1007641424265916419;1
ChrissyMAGAOne;2018-06-15 10:42;2;8;"#MAGA #QAnon #WeThePeople #JESUSLIVES #GodIsInCharge #WWG1WGA #RedWaveRising #FreeTommyRobinson #WalkAway #OffThePlantation I AGREE!!! All they do is attack him! They are so unprofessional & disrespectful it’s mind boggling they have jobs! @realDonaldTrump https:// twitter.com/gaetasusan/sta tus/1007613225167409152 …";;@realDonaldTrump;#MAGA #QAnon #WeThePeople #JESUSLIVES #GodIsInCharge #WWG1WGA #RedWaveRising #FreeTommyRobinson #WalkAway #OffThePlantation;"1007634434542133249";https://twitter.com/ChrissyMAGAOne/status/1007634434542133249;1
ApolloSLK;2018-06-15 10:26;1;0;"@Jenfeds73 @CHamiltoChem Nothing to see here,......move along please......lol. What is this? Maybe it was collusion not to prosecute HRC in exchange for a seat on the SC when she won the house? Then Comey gets the AG.....then McCabe gets dir of FBI? #WalkAway https:// twitter.com/JudicialWatch/ status/1007446344544456704 …";;@Jenfeds73 @CHamiltoChem;#WalkAway;"1007630493402189824";https://twitter.com/ApolloSLK/status/1007630493402189824;1
Myrkulite;2018-06-15 10:23;1;0;"I left the progressive left when I realised they were not liberal, but Authoritarian to the core, and that their idea of "progress" was active science-denial and censorship whenever it was convenient to them. #WalkAway";;;#WalkAway;"1007629672216178688";https://twitter.com/Myrkulite/status/1007629672216178688;0
CoachHardin1;2018-06-15 10:17;0;1;"Don’t buy the lie. #WalkAway https:// patriotpost.us/articles/56563 -video-why-i-left-liberalism-and-the-democratic-party …";;;#WalkAway;"1007628076828839937";https://twitter.com/CoachHardin1/status/1007628076828839937;0
ApolloSLK;2018-06-15 10:08;1;4;"@Jenfeds73 @CHamiltoChem @PaulObrienUSA Liberals want to make the laws up as you go along. The word they seem to be taking a blind eye to here is "illegal." the process is designed to keep the criminal element out losers. I wish we had such a system for liberalism. #Walkaway https:// twitter.com/ACTBrigitte/st atus/1007622784799911936 …";;@Jenfeds73 @CHamiltoChem @PaulObrienUSA;#Walkaway;"1007625805097324544";https://twitter.com/ApolloSLK/status/1007625805097324544;1
ChrissyMAGAOne;2018-06-15 10:06;3;3;"#MAGA #QAnon #WeThePeople #JESUSLIVES #GodIsInCharge #WWG1WGA #RedWaveRising #FreeTommyRobinson #WalkAway #OffThePlantation https:// twitter.com/mflynnjr/statu s/1007445474637426689 …";;;#MAGA #QAnon #WeThePeople #JESUSLIVES #GodIsInCharge #WWG1WGA #RedWaveRising #FreeTommyRobinson #WalkAway #OffThePlantation;"1007625397364592640";https://twitter.com/ChrissyMAGAOne/status/1007625397364592640;1
ChrissyMAGAOne;2018-06-15 10:06;1;2;"#MAGA #QAnon #WeThePeople #JESUSLIVES #GodIsInCharge #WWG1WGA #RedWaveRising #FreeTommyRobinson #WalkAway #OffThePlantation @POTUS https:// twitter.com/diamondandsilk /status/1007617952731029504 …";;@POTUS;#MAGA #QAnon #WeThePeople #JESUSLIVES #GodIsInCharge #WWG1WGA #RedWaveRising #FreeTommyRobinson #WalkAway #OffThePlantation;"1007625391563890689";https://twitter.com/ChrissyMAGAOne/status/1007625391563890689;1
ApolloSLK;2018-06-15 09:58;0;0;"@Jenfeds73 @PaulObrienUSA Do I need to recite the definition of a "lie" to you Stormy.... I mean cinnamon......I mean Bubbles whatever your hooker name is today? Obama lied regularly. Do you deny this? Ill wait here............ #LiberalismIsAMentalDisorder #WalkAway https:// twitter.com/realTylerZed/s tatus/1007622117242724352 …";;@Jenfeds73 @PaulObrienUSA;#LiberalismIsAMentalDisorder #WalkAway;"1007623341371518977";https://twitter.com/ApolloSLK/status/1007623341371518977;0
walk2free;2018-06-15 09:57;0;0;"@POTUS is right about #FakeNewsCNN during desert shield/storm they created props and used actors to mimic scenes of war for ratings overshadowing real news like the #Horrific #RowandanGenocide they perpetrated a massive distraction with LIES! #BlackTwitter #WalkAway #MAGA https:// twitter.com/ARedPillReport /status/1007614497526345729 …";;@POTUS;#FakeNewsCNN #Horrific #RowandanGenocide #BlackTwitter #WalkAway #MAGA;"1007623087007752192";https://twitter.com/walk2free/status/1007623087007752192;1
ParkerHits;2018-06-15 09:36;2;22;"NEW MUSIC TODAY. #WalkAway pic.twitter.com/awHJNlVvJa";;;#WalkAway;"1007617805146116096";https://twitter.com/ParkerHits/status/1007617805146116096;0
JBelmo;2018-06-15 09:34;100;376;"Sometimes you just know.... #walkaway #splitconversion #2hands #PBAFinals #CBSSports pic.twitter.com/wibVUmGrH5";;;#walkaway #splitconversion #2hands #PBAFinals #CBSSports;"1007617371815571456";https://twitter.com/JBelmo/status/1007617371815571456;0
smoove314;2018-06-15 09:32;0;1;"#walkaway";;;#walkaway;"1007616935838744576";https://twitter.com/smoove314/status/1007616935838744576;0
ApolloSLK;2018-06-15 09:32;0;0;"@Jenfeds73 @CHamiltoChem how much longer are liberal losers going to let idiots fun their farm. Start making your own decisions for once and quit being sheep. #LiberalismIsAMentalDisorder #Walkaway https:// twitter.com/Johngalt1231/s tatus/1007614633874636800 …";;@Jenfeds73 @CHamiltoChem;#LiberalismIsAMentalDisorder #Walkaway;"1007616885121277953";https://twitter.com/ApolloSLK/status/1007616885121277953;1
ApolloSLK;2018-06-15 09:28;0;0;"@bubbles @CHamiltoChem @PaulObrienUSA So I'm Assuming you identify as liberals, which means this should disgust you right? Your silence says it all! I can't wait to hear this. #LiberalismIsAMentalDisorder #Walkaway https:// twitter.com/LauraLoomer/st atus/1007569146945695744 …";;@bubbles @CHamiltoChem @PaulObrienUSA;#LiberalismIsAMentalDisorder #Walkaway;"1007615867658653696";https://twitter.com/ApolloSLK/status/1007615867658653696;1
artbeerfood;2018-06-15 09:19;0;0;"Will you please #WalkAway AFTER we get the White House back from the nazis? As idealistic as your campaign sounds, reality is that we're a two-party system, and last time I voted third party, W "won" the election. America is desperate right now, seriously.";;;#WalkAway;"1007613650402791424";https://twitter.com/artbeerfood/status/1007613650402791424;0
CheyenneCharlie;2018-06-15 09:19;0;0;"#WalkAway Campaign- WHY I LEFT LIBERALISM & THE DEMOCRATIC PARTY https:// youtu.be/4Pjs7uoOkag via @YouTube #Leftist #Racist #Fear #Corruption #Lies #Propaganda #FakeNews";;@YouTube;#WalkAway #Leftist #Racist #Fear #Corruption #Lies #Propaganda #FakeNews;"1007613551052115969";https://twitter.com/CheyenneCharlie/status/1007613551052115969;0
aug11998;2018-06-15 09:18;0;0;"#WalkAway https://www. facebook.com/usminority/vid eos/486555651765405/ …";;;#WalkAway;"1007613273682915328";https://twitter.com/aug11998/status/1007613273682915328;0
ApolloSLK;2018-06-15 09:14;1;2;"@Jenfeds73 @CHamiltoChem what if this happened to Obama? How outraged you would be, and quick to cry racism (wolf) you two are pathetic losers who all got trophies as kids for participation. #LiberalismIsAMentalDisorder #Walkaway https:// twitter.com/FoxNews/status /1007611456576278529 …";;@Jenfeds73 @CHamiltoChem;#LiberalismIsAMentalDisorder #Walkaway;"1007612384574361600";https://twitter.com/ApolloSLK/status/1007612384574361600;1
GiselleluvsPR;2018-06-15 09:03;0;0;"Do your energy a favor and stop negativity around you. #dontengage #walkaway";;;#dontengage #walkaway;"1007609583387463682";https://twitter.com/GiselleluvsPR/status/1007609583387463682;0
grateful1gabrie;2018-06-15 09:03;0;0;"#WalkAway Campaign- WHY I LEFT LIBERALISM & THE DEMOCRATIC PARTY https:// youtu.be/4Pjs7uoOkag via @YouTube";;@YouTube;#WalkAway;"1007609547890909184";https://twitter.com/grateful1gabrie/status/1007609547890909184;0
ApolloSLK;2018-06-15 08:55;0;0;"@Jenfeds73 @CHamiltoChem so I'm guessing since you're both loser liberals that you're ok with the bias and disregard for the law that was occurring under Obama and HRC? #Walkaway https:// twitter.com/1stAirDel_USMC R/status/1007600664116068352 …";;@Jenfeds73 @CHamiltoChem;#Walkaway;"1007607537527676928";https://twitter.com/ApolloSLK/status/1007607537527676928;1
ApolloSLK;2018-06-15 08:49;0;0;"@Jenfeds73 @CHamiltoChem let's see I thought a charity was supposed to given not taken. It's a criminal slush fund and you two losers are bitching about collusion not yet found. #Walkaway #LiberalismIsAMentalDisorder https:// twitter.com/SecOfState70/s tatus/1007413809345171456 …";;@Jenfeds73 @CHamiltoChem;#Walkaway #LiberalismIsAMentalDisorder;"1007605923869806592";https://twitter.com/ApolloSLK/status/1007605923869806592;1
MarieTa93178831;2018-06-15 08:38;0;3;"Do your research lady. CNN isn’t going to tell you the truth. It’s been proven that those pics of children in cages were from 2014 during the Obama administration. #Walkaway";;;#Walkaway;"1007603351364800512";https://twitter.com/MarieTa93178831/status/1007603351364800512;0
Robinrealtor;2018-06-15 08:35;0;0;"#walkaway";;;#walkaway;"1007602414575382528";https://twitter.com/Robinrealtor/status/1007602414575382528;0
USA4TRUMP;2018-06-15 08:34;1;3;"@POTUS @RealDonaldTrump @WhiteHouse @PressSec @seanhannity @SebGorka @Jim_Jordan @MattGaetz @TGowdySC @freedomcaucus @RepMarkMeadows @SenateGOP @HouseGOP @HouseJudiciary @senjudiciary @GOPoversight #WeThePeople #MAGA #ObamaGate #Mueller #ImpeachObama #SpyGate #WalkAway pic.twitter.com/tewZfhxhJW";;@POTUS @RealDonaldTrump @WhiteHouse @PressSec @seanhannity @SebGorka @Jim_Jordan @MattGaetz @TGowdySC @freedomcaucus @RepMarkMeadows @SenateGOP @HouseGOP @HouseJudiciary @senjudiciary @GOPoversight;#WeThePeople #MAGA #ObamaGate #Mueller #ImpeachObama #SpyGate #WalkAway;"1007602368605650944";https://twitter.com/USA4TRUMP/status/1007602368605650944;0
USA4TRUMP;2018-06-15 08:34;1;1;"@POTUS @RealDonaldTrump @WhiteHouse @PressSec @seanhannity @SebGorka @Jim_Jordan @MattGaetz @TGowdySC @freedomcaucus @RepMarkMeadows @SenateGOP @HouseGOP @HouseJudiciary @senjudiciary @GOPoversight #WeThePeople #MAGA #ObamaGate #Mueller #ImpeachObama #SpyGate #WalkAway pic.twitter.com/qFqpkqdKfq";;@POTUS @RealDonaldTrump @WhiteHouse @PressSec @seanhannity @SebGorka @Jim_Jordan @MattGaetz @TGowdySC @freedomcaucus @RepMarkMeadows @SenateGOP @HouseGOP @HouseJudiciary @senjudiciary @GOPoversight;#WeThePeople #MAGA #ObamaGate #Mueller #ImpeachObama #SpyGate #WalkAway;"1007602182890254337";https://twitter.com/USA4TRUMP/status/1007602182890254337;0
CrimRadio;2018-06-15 08:15;0;0;"Now playing #Laurenicole - #WalkAway on Crim Radio";;;#Laurenicole #WalkAway;"1007597541796601856";https://twitter.com/CrimRadio/status/1007597541796601856;0
ChrissyMAGAOne;2018-06-15 08:02;1;0;"#MAGA #QAnon #WeThePeople #JESUSLIVES #GodIsInCharge #WWG1WGA #RedWaveRising #FreeTommyRobinson #WalkAway #OffThePlantation https:// twitter.com/maybrick350/st atus/1007594137179303936 …";;;#MAGA #QAnon #WeThePeople #JESUSLIVES #GodIsInCharge #WWG1WGA #RedWaveRising #FreeTommyRobinson #WalkAway #OffThePlantation;"1007594301407223809";https://twitter.com/ChrissyMAGAOne/status/1007594301407223809;1
ChrissyMAGAOne;2018-06-15 08:02;1;1;"#MAGA #QAnon #WeThePeople #JESUSLIVES #GodIsInCharge #WWG1WGA #RedWaveRising #FreeTommyRobinson #WalkAway #OffThePlantation pic.twitter.com/MlIVTepwlP";;;#MAGA #QAnon #WeThePeople #JESUSLIVES #GodIsInCharge #WWG1WGA #RedWaveRising #FreeTommyRobinson #WalkAway #OffThePlantation;"1007594210764021760";https://twitter.com/ChrissyMAGAOne/status/1007594210764021760;0
ChrissyMAGAOne;2018-06-15 08:01;1;1;"#MAGA #QAnon #WeThePeople #JESUSLIVES #GodIsInCharge #WWG1WGA #RedWaveRising #FreeTommyRobinson #WalkAway #OffThePlantation pic.twitter.com/iKUyMcIglC";;;#MAGA #QAnon #WeThePeople #JESUSLIVES #GodIsInCharge #WWG1WGA #RedWaveRising #FreeTommyRobinson #WalkAway #OffThePlantation;"1007594008195944448";https://twitter.com/ChrissyMAGAOne/status/1007594008195944448;0
ApolloSLK;2018-06-15 08:00;0;1;"Go figure....... #LiberalismIsAMentalDisorder #Walkaway https:// twitter.com/AnnaApp9183845 0/status/1007577950332612614 …";;;#LiberalismIsAMentalDisorder #Walkaway;"1007593645107810305";https://twitter.com/ApolloSLK/status/1007593645107810305;1
ApolloSLK;2018-06-15 07:55;0;0;"2) Your moral high ground "party" consists of breaking the law, killing unborn babies, communism, socialism, BLM, rioting, stripper spokes models, kneeling, ANTI-US rhetoric, where is the moral standard in any of those? I can keep going. #LiberalismIsAMentalDisorder #Walkaway";;;#LiberalismIsAMentalDisorder #Walkaway;"1007592363903078400";https://twitter.com/ApolloSLK/status/1007592363903078400;0
ApolloSLK;2018-06-15 07:41;0;0;"When are these idiot reporters going to understand that if they didnt want to get separated then dont try to enter illegally. Its not about having empathy, Im sure she really does but following the law comes first. It should be that way. #LiberalismIsAMentalDisorder #Walkaway";;;#LiberalismIsAMentalDisorder #Walkaway;"1007588970681774080";https://twitter.com/ApolloSLK/status/1007588970681774080;0
ApolloSLK;2018-06-15 07:39;0;0;"You mad bro? #Walkaway";;;#Walkaway;"1007588367234674688";https://twitter.com/ApolloSLK/status/1007588367234674688;0
mgtowmoney;2018-06-15 07:38;0;1;"MGTOW MONEY: Making $$ off the MOST 'EVIL corp' in the world! https:// youtu.be/6mCykGv772Q via @YouTube #mgtow #redpill #bachelor #walkaway";;@YouTube;#mgtow #redpill #bachelor #walkaway;"1007588062518394881";https://twitter.com/mgtowmoney/status/1007588062518394881;0
ApolloSLK;2018-06-15 07:37;0;0;"Democrats dont salute, they only know how to kneel or bow-you would never see a strong president doing anything but what is respectful. Theres a big difference between respectful (Trump) and penitent (Obama.) You seem to have forgotten what having a pair means. #Walkaway";;;#Walkaway;"1007587822440734720";https://twitter.com/ApolloSLK/status/1007587822440734720;0
ChrissyMAGAOne;2018-06-15 07:29;0;1;"#MAGA #QAnon #WeThePeople #JESUSLIVES #GodIsInCharge #WWG1WGA #RedWaveRising #FreeTommyRobinson #WalkAway #OffThePlantation https:// twitter.com/therealroseann e/status/1007458452120076288 …";;;#MAGA #QAnon #WeThePeople #JESUSLIVES #GodIsInCharge #WWG1WGA #RedWaveRising #FreeTommyRobinson #WalkAway #OffThePlantation;"1007585969556447233";https://twitter.com/ChrissyMAGAOne/status/1007585969556447233;0
ChrissyMAGAOne;2018-06-15 07:29;1;0;"#MAGA #QAnon #WeThePeople #JESUSLIVES #GodIsInCharge #WWG1WGA #RedWaveRising #FreeTommyRobinson #WalkAway #OffThePlantation https:// twitter.com/johncooper0610 /status/1007319785544343553 …";;;#MAGA #QAnon #WeThePeople #JESUSLIVES #GodIsInCharge #WWG1WGA #RedWaveRising #FreeTommyRobinson #WalkAway #OffThePlantation;"1007585922391556096";https://twitter.com/ChrissyMAGAOne/status/1007585922391556096;1
MarkDurant1963;2018-06-15 06:47;0;0;"#WalkAway";;;#WalkAway;"1007575424879259648";https://twitter.com/MarkDurant1963/status/1007575424879259648;0
TonioGroxPrime;2018-06-15 06:01;4;23;""There's a truth that you need to hear me say, I'll be here on your darkest day" #walkaway #cover #italy @googoodolls @johnrzeznikGGD @RobbyTakac pic.twitter.com/eccI6fbYfh";;@googoodolls @johnrzeznikGGD @RobbyTakac;#walkaway #cover #italy;"1007563779134185473";https://twitter.com/TonioGroxPrime/status/1007563779134185473;0
MattKinginFL;2018-06-15 05:36;80;180;"I’ve always been a conservative but I hope more and more liberals will wake up to what the left is doing and just #walkaway . https:// twitter.com/waynedupreesho w/status/1005120990744141824 …";;;#walkaway;"1007557424130281472";https://twitter.com/MattKinginFL/status/1007557424130281472;1
NTMurph671;2018-06-15 05:00;31;57;"I always identified as Independent until the Democratic Party doubled down in their position on abortion. I also saw their craziness in other areas. I rarely even consider Dem candidates any more. #WalkAway Their brand is poisonous! https:// twitter.com/nicrattlehead7 8/status/1005568219174842368 …";;;#WalkAway;"1007548315272204288";https://twitter.com/NTMurph671/status/1007548315272204288;1
didodi_tweet;2018-06-15 03:43;1;1;"#WalkAway https:// youtu.be/4Pjs7uoOkag";;;#WalkAway;"1007528913994579968";https://twitter.com/didodi_tweet/status/1007528913994579968;0
Kenobi777;2018-06-15 03:08;13;23;"#WalkAway Campaign- WHY I LEFT LIBERALISM & THE DEMOCRATIC PARTY https:// youtu.be/4Pjs7uoOkag So many people leaving the left. They are so fucking pretentious.";;;#WalkAway;"1007520137254014976";https://twitter.com/Kenobi777/status/1007520137254014976;0
OmellDaniel;2018-06-15 03:04;1;1;"#WalkAway Campaign- WHY I LEFT LIBERALISM & THE DEMOCRATIC PARTY https:// youtu.be/4Pjs7uoOkag via @YouTube";;@YouTube;#WalkAway;"1007519087465934848";https://twitter.com/OmellDaniel/status/1007519087465934848;0
marcelgm;2018-06-15 03:03;2;3;"#walkaway https:// twitter.com/usminority/sta tus/1002227787762225158?s=19 …";;;#walkaway;"1007518833970728960";https://twitter.com/marcelgm/status/1007518833970728960;1
EPCLibertarians;2018-06-15 02:30;1;1;"The party of Classic Liberals is here. The Libertarian Party awaits with open arms. We believe in liberty for all. Share this with someone you know that is ready to #WalkAway . #Libertarian https://www. facebook.com/LPEPC/posts/10 27693160712593 …";;;#WalkAway #Libertarian;"1007510547598905344";https://twitter.com/EPCLibertarians/status/1007510547598905344;0
silvestris_l;2018-06-15 02:08;0;0;"#WalkAway Демократы, очнитесь. То, что вы называли "западной демократией", превратилось в мракобесный репрессивный кошмар. Наши идеалы выражают консерваторы! https:// twitter.com/usminority/sta tus/1007191747355729920 …";;;#WalkAway;"1007505022886739968";https://twitter.com/silvestris_l/status/1007505022886739968;1
howcaniNOT;2018-06-15 02:08;3;3;"@usminority hit EVERY reason why I left the left. POWERFUL msg! #WalkAway https:// worldcloudnetwork.com/2018/06/14/pow erful-video-ex-liberal-starts-walkaway-movement-to-leave-the-left/ …";;@usminority;#WalkAway;"1007504986744320000";https://twitter.com/howcaniNOT/status/1007504986744320000;0
LiberalDanRadio;2018-06-15 02:03;1;1;"In short, the video's one giant strawman. I'm not saying there's nothing problematic on the left/with the Democrats. I'm just saying if you want to #WalkAway you can't start by walking away from a strawman. You also gotta know what you're walking into. GOP? NO THANKS!!!";;;#WalkAway;"1007503776230633472";https://twitter.com/LiberalDanRadio/status/1007503776230633472;0
TimSnowborn;2018-06-15 02:02;0;0;"If you’re a conservative, but you’re appalled by Donald Trump’s school-yard insults and anti-eloquence, I invite you to #WalkAway from the GOP.";;;#WalkAway;"1007503472676106240";https://twitter.com/TimSnowborn/status/1007503472676106240;0
TimSnowborn;2018-06-15 01:55;0;0;"If you’re a conservative, like @usminority , but it bothers you that Donald Trump is enthusiastically heiled by actual Nazis and Klansmen, it’s probably time to #WalkAway .";;@usminority;#WalkAway;"1007501824134299650";https://twitter.com/TimSnowborn/status/1007501824134299650;0
TimSnowborn;2018-06-15 01:38;0;0;"If you’re a conservative, like @usminority , but you’re worried about Donald Trump’s aggressive attacks on the institutions that uphold our democracy and his contempt for any checks on his power, it may be time to #WalkAway .";;@usminority;#WalkAway;"1007497530542731264";https://twitter.com/TimSnowborn/status/1007497530542731264;0
TimSnowborn;2018-06-15 01:35;0;0;"If you’re a conservative, like @usminority , but you’re concerned that the GOP remains silent while Donald Trump insults and attacks our allies, while cozying up to murderous dictators around the world, it may be time to #WalkAway .";;@usminority;#WalkAway;"1007496787228127232";https://twitter.com/TimSnowborn/status/1007496787228127232;0
TimSnowborn;2018-06-15 01:32;0;0;"If you’re a conservative, like @usminority , but you’re disgusted by what your party has become under Donald Trump, if you think taking children from their mothers and keeping them in cages is morally inexcusable, it may be time to #WalkAway .";;@usminority;#WalkAway;"1007496144581087233";https://twitter.com/TimSnowborn/status/1007496144581087233;0
LiberalDanRadio;2018-06-15 01:30;0;0;"I'm sorry but I watched the whole #WalkAway video and found it full of either complete misunderstanding or flat out lies. It was one giant strawman. You walked away from a strawman.";;;#WalkAway;"1007495515255263232";https://twitter.com/LiberalDanRadio/status/1007495515255263232;0
TimSnowborn;2018-06-15 01:27;0;0;"If you’rea conservative who’s ashamed of what the GOP has become under Donald Trump, the time has come to #WalkAway .";;;#WalkAway;"1007494855201730562";https://twitter.com/TimSnowborn/status/1007494855201730562;0
TimSnowborn;2018-06-15 01:26;0;0;"Dear followers, The Right is currently trying to con POC and the LGBT community into thinking that THEY are the more tolerant, compassionate side of the ideological aisle. Please help me highjack their hashtag by telling your #NeverTrump conservative friends to #WalkAway .";;;#NeverTrump #WalkAway;"1007494458579881984";https://twitter.com/TimSnowborn/status/1007494458579881984;0
JonAlej;2018-06-15 01:24;0;2;"PUTAAA! #MASOCHIST de #Liberation es un preludio a #WalkAway del disco #Stripped . ¡JAJAJAJA! Sí o no #Fighters ?!!! xD #Xtina #X6 #ChristinaAguilera #FallInLine #LIBERATION !";;;#MASOCHIST #Liberation #WalkAway #Stripped #Fighters #Xtina #X6 #ChristinaAguilera #FallInLine #LIBERATION;"1007493981658320897";https://twitter.com/JonAlej/status/1007493981658320897;0
TimSnowborn;2018-06-15 01:21;0;0;"If you’ve ever felt like you didn’t leave the GOP; the GOP left you, the time has come to #WalkAway .";;;#WalkAway;"1007493234874957825";https://twitter.com/TimSnowborn/status/1007493234874957825;0
wendylovesmj;2018-06-15 01:20;1;1;"#WalkAway Campaign- WHY I LEFT LIBERALISM & THE DEMOCRATIC PARTY https:// youtu.be/4Pjs7uoOkag @usminority";;@usminority;#WalkAway;"1007493062627676160";https://twitter.com/wendylovesmj/status/1007493062627676160;0
natasha_stl;2018-06-15 01:20;2;1;"@realDonaldTrump OMG! Have you seen this video? It's amazing! http:// youtu.be/4Pjs7uoOkag @FoxNews @TuckerCarlson @TheFive #WalkAway";;@realDonaldTrump @FoxNews @TuckerCarlson @TheFive;#WalkAway;"1007492934252548096";https://twitter.com/natasha_stl/status/1007492934252548096;0
TimSnowborn;2018-06-15 01:14;0;0;"If you’re a conservative who’s watching the current administration and wondering #WhatHaveWeBecome , it may be time to #WalkAway from the GOP.";;;#WhatHaveWeBecome #WalkAway;"1007491606679732224";https://twitter.com/TimSnowborn/status/1007491606679732224;0
TimSnowborn;2018-06-15 01:12;0;0;"If you were a registered Republican who shredded your voter registration card the day Donald Trump won the Republican nomination for president, I invite you to #WalkAway from the GOP.";;;#WalkAway;"1007491114230616064";https://twitter.com/TimSnowborn/status/1007491114230616064;0
TimSnowborn;2018-06-15 01:10;0;0;"If you’re a conservative who’s appalled at the sight of children being taken from their parents and kept in cages, I invite you to #WalkAway from the GOP.";;;#WalkAway;"1007490609723015169";https://twitter.com/TimSnowborn/status/1007490609723015169;0
PepSqueak;2018-06-15 01:10;1;1;"#WalkAway https:// twitter.com/DiamondandSilk /status/1007081891126751232 …";;;#WalkAway;"1007490498313875456";https://twitter.com/PepSqueak/status/1007490498313875456;1
Brightonboy126;2018-06-15 00:59;0;0;"It is a process but what we’re seeing is remaintards aspecting like fascists because they don’t like the result of a vote. So let’s have another and and another until we get what we want and fuck everyone else. Democracy doesn’t work like that. #Brexit #leave #WalkAway .";;;#Brexit #leave #WalkAway;"1007487736159330304";https://twitter.com/Brightonboy126/status/1007487736159330304;0
wall_donnaL;2018-06-15 00:23;0;0;"#WalkAway Campaign- WHY I LEFT LIBERALISM & THE DEMOCRATIC PARTY https:// youtu.be/4Pjs7uoOkag via @YouTube";;@YouTube;#WalkAway;"1007478677788090368";https://twitter.com/wall_donnaL/status/1007478677788090368;0
misopadecebolla;2018-06-15 00:14;0;0;"#WalkAway Campaign- WHY I LEFT LIBERALISM & THE DEMOCRATIC PARTY https://www. youtube.com/attribution_li nk?a=3W3767c_6J8&u=%2Fwatch%3Fv%3D4Pjs7uoOkag%26feature%3Dshare …";;;#WalkAway;"1007476400083914752";https://twitter.com/misopadecebolla/status/1007476400083914752;0
AndrewGoetz1;2018-06-15 00:08;0;1;"Saw his strong powerful video last week and have been following ever since! Damn - he gives me hope! Just have to get the conservatives / Republicans to not waste this opportunity!! #WalkAway";;;#WalkAway;"1007474875399921664";https://twitter.com/AndrewGoetz1/status/1007474875399921664;0
jrl78;2018-06-15 00:01;0;0;"#walkaway";;;#walkaway;"1007473250908147712";https://twitter.com/jrl78/status/1007473250908147712;0
jholmesak;2018-06-14 23:48;1;3;"Time spent sharing experiences as a gay Republican on social media has HUGE value. You are showing diversity in our party and that you are very much accepted and appreciated We need more people like you! Please keep sharing #MAGA #WalkAway";;;#MAGA #WalkAway;"1007469761318604801";https://twitter.com/jholmesak/status/1007469761318604801;0
debbiescott56;2018-06-14 23:36;0;0;"Told you you would go Viral, around the world! Bet you never say this coming did you Brandon. Take it away #Walkaway ! In all countries there are almost Half of all people who are NOT Liberals. And in all you will find the thought process of the Liberals around the world are alike";;;#Walkaway;"1007466849557049346";https://twitter.com/debbiescott56/status/1007466849557049346;0
ChrisBloemendaa;2018-06-14 23:36;0;0;"And you ought to read the comments! Liberal heads exploding all OVER the place! The delusions are DEEP! #LiberalismIsAMentalDisorder #WalkAway https:// twitter.com/realDonaldTrum p/status/742771576039460864 …";;;#LiberalismIsAMentalDisorder #WalkAway;"1007466818720665600";https://twitter.com/ChrisBloemendaa/status/1007466818720665600;1
IamTeraMarie;2018-06-14 23:33;0;2;"#WalkAway — One man’s journey out of the liberal mindset. https:// twitter.com/usminority/sta tus/1000957952319213568 …";;;#WalkAway;"1007466021798608901";https://twitter.com/IamTeraMarie/status/1007466021798608901;1
ChrissyMAGAOne;2018-06-14 23:32;7;7;"#MAGA #QAnon #WeThePeople #JESUSLIVES #GodIsInCharge #WWG1WGA #RedWaveRising #FreeTommyRobinson #WalkAway #OffThePlantation #LOCKHERUP NOW @realDonaldTrump https:// truepundit.com/ig-report-conf irms-true-pundit-bombshell-on-hillarys-emails-details-comey-was-briefed-on-clinton-linked-sex-crimes-against-children-evidence-on-weiner-laptop/ …";;@realDonaldTrump;#MAGA #QAnon #WeThePeople #JESUSLIVES #GodIsInCharge #WWG1WGA #RedWaveRising #FreeTommyRobinson #WalkAway #OffThePlantation #LOCKHERUP;"1007465935475625984";https://twitter.com/ChrissyMAGAOne/status/1007465935475625984;0
ChrissyMAGAOne;2018-06-14 23:28;2;1;"#MAGA #QAnon #WeThePeople #JESUSLIVES #GodIsInCharge #WWG1WGA #RedWaveRising #FreeTommyRobinson #WalkAway #OffThePlantation #LOCKHERUP NOW ⁦ @realDonaldTrump ⁩ https:// truepundit.com/ig-report-conf irms-true-pundit-bombshell-on-hillarys-emails-details-comey-was-briefed-on-clinton-linked-sex-crimes-against-children-evidence-on-weiner-laptop/ …";;@realDonaldTrump;#MAGA #QAnon #WeThePeople #JESUSLIVES #GodIsInCharge #WWG1WGA #RedWaveRising #FreeTommyRobinson #WalkAway #OffThePlantation #LOCKHERUP;"1007464921167085569";https://twitter.com/ChrissyMAGAOne/status/1007464921167085569;0
ApolloSLK;2018-06-14 23:22;0;1;"#WalkAway pic.twitter.com/8etDfboELE";;;#WalkAway;"1007463414875160576";https://twitter.com/ApolloSLK/status/1007463414875160576;0
mzee26;2018-06-14 23:19;0;0;"MUST HEAR! / Ex-Liberal Walks Away - Why He "Left" The Left (Starts #WalkAway Campaign) http:// bit.ly/2tgwvij #TCOT #DEmocrats #liberals #Conservatives";;;#WalkAway #TCOT #DEmocrats #liberals #Conservatives;"1007462571715244033";https://twitter.com/mzee26/status/1007462571715244033;0
SM_Battle_;2018-06-14 23:08;0;0;"This Troll thought she was going to be the President of the United States Of America. LOL #Bleachbit #WalkAway #AwanBrothers #WeinersLaptop #ChildSexTrafficking #NXIVM #ARKANCIDE #DonnaBrazile #DNCisBankrupt just like the Clintons left the White House. #MonicasWar https:// twitter.com/hillaryclinton /status/1007376361101582336 …";;;#Bleachbit #WalkAway #AwanBrothers #WeinersLaptop #ChildSexTrafficking #NXIVM #ARKANCIDE #DonnaBrazile #DNCisBankrupt #MonicasWar;"1007459710704943104";https://twitter.com/SM_Battle_/status/1007459710704943104;1
maw717;2018-06-14 23:04;0;0;"Hey buddy, stay focused.. This isn't a date-finding project! #WalkAway";;;#WalkAway;"1007458793540603904";https://twitter.com/maw717/status/1007458793540603904;0
ChrissyMAGAOne;2018-06-14 22:57;1;1;"#MAGA #QAnon #WeThePeople #JESUSLIVES #GodIsInCharge #WWG1WGA #RedWaveRising #FreeTommyRobinson #WalkAway #OffThePlantation https:// twitter.com/chrissymagaone /status/1007345865596403712 …";;;#MAGA #QAnon #WeThePeople #JESUSLIVES #GodIsInCharge #WWG1WGA #RedWaveRising #FreeTommyRobinson #WalkAway #OffThePlantation;"1007456972310917121";https://twitter.com/ChrissyMAGAOne/status/1007456972310917121;1
HiDesertPatriot;2018-06-14 22:57;0;0;"So why is it that another corrupt person that secretly uses the same tactic to hide their corrupt activities as you make YOU righteous? How is that funny? You are corrupt! Both of you! Go Away! You lost! #Walkaway #TCOT https:// twitter.com/HillaryClinton /status/1007376361101582336 …";;;#Walkaway #TCOT;"1007456969592954880";https://twitter.com/HiDesertPatriot/status/1007456969592954880;1
ChrissyMAGAOne;2018-06-14 22:49;5;5;"#MAGA #QAnon #WeThePeople #JESUSLIVES #GodIsInCharge #WWG1WGA #RedWaveRising #FreeTommyRobinson #WalkAway #OffThePlantation https:// twitter.com/ingrahamangle/ status/1007262644674465792 …";;;#MAGA #QAnon #WeThePeople #JESUSLIVES #GodIsInCharge #WWG1WGA #RedWaveRising #FreeTommyRobinson #WalkAway #OffThePlantation;"1007455011838685184";https://twitter.com/ChrissyMAGAOne/status/1007455011838685184;1
ChrissyMAGAOne;2018-06-14 22:49;3;3;"#MAGA #QAnon #WeThePeople #JESUSLIVES #GodIsInCharge #WWG1WGA #RedWaveRising #FreeTommyRobinson #WalkAway #OffThePlantation https:// twitter.com/jerome_corsi/s tatus/1007453896787275776 …";;;#MAGA #QAnon #WeThePeople #JESUSLIVES #GodIsInCharge #WWG1WGA #RedWaveRising #FreeTommyRobinson #WalkAway #OffThePlantation;"1007454977789288449";https://twitter.com/ChrissyMAGAOne/status/1007454977789288449;1
themindfullotus;2018-06-14 22:47;0;0;"It’s sometimes necessary #walkaway … https://www. instagram.com/p/BkB3InhgS6Z/ ?utm_source=ig_twitter_share&igshid=koq1qqbafn7d …";;;#walkaway;"1007454545025359872";https://twitter.com/themindfullotus/status/1007454545025359872;0
ApolloSLK;2018-06-14 22:47;0;0;"Very speculative of you. The Report never mentioned that Comey's behavior may have persuaded the election. Didnt Comey let her off the hook? So I get this straight, his testimony which kept her out of prison, hindered her winning the election, a full year later? #WalkAway";;;#WalkAway;"1007454533201612800";https://twitter.com/ApolloSLK/status/1007454533201612800;0
LoseyLaurice;2018-06-14 22:44;0;1;"#Ohio #Virginia #Trump #MAGA #IGReport #HorowitzReport #NoBias #FBICorruption #HowToFrameAPresident #DeepState #CoupInterrupted #GreatAwakening #DemExit #WalkAway https:// twitter.com/robbystarbuck/ status/1007340668245561344 …";;;#Ohio #Virginia #Trump #MAGA #IGReport #HorowitzReport #NoBias #FBICorruption #HowToFrameAPresident #DeepState #CoupInterrupted #GreatAwakening #DemExit #WalkAway;"1007453703194992646";https://twitter.com/LoseyLaurice/status/1007453703194992646;1
ChrissyMAGAOne;2018-06-14 22:43;1;1;"#MAGA #QAnon #WeThePeople #JESUSLIVES #GodIsInCharge #WWG1WGA #RedWaveRising #FreeTommyRobinson #WalkAway #OffThePlantation https:// twitter.com/jerome_corsi/s tatus/1007452998275096577 …";;;#MAGA #QAnon #WeThePeople #JESUSLIVES #GodIsInCharge #WWG1WGA #RedWaveRising #FreeTommyRobinson #WalkAway #OffThePlantation;"1007453529919795200";https://twitter.com/ChrissyMAGAOne/status/1007453529919795200;1
ChrissyMAGAOne;2018-06-14 22:43;2;1;"#MAGA #QAnon #WeThePeople #JESUSLIVES #GodIsInCharge #WWG1WGA #RedWaveRising #FreeTommyRobinson #WalkAway #OffThePlantation https:// twitter.com/raygrande1/sta tus/1007387744652406786 …";;;#MAGA #QAnon #WeThePeople #JESUSLIVES #GodIsInCharge #WWG1WGA #RedWaveRising #FreeTommyRobinson #WalkAway #OffThePlantation;"1007453479491649536";https://twitter.com/ChrissyMAGAOne/status/1007453479491649536;1
ChrissyMAGAOne;2018-06-14 22:42;4;3;"#MAGA #QAnon #WeThePeople #JESUSLIVES #GodIsInCharge #WWG1WGA #RedWaveRising #FreeTommyRobinson #WalkAway #OffThePlantation Our Show re #IGReport wb aired Tues 6/19 10pET, plus heat @DouglasDucote ’s struggle w/ #PTSD for #PTSDAwarenessMonth http:// magaoneradio.net pic.twitter.com/G4wLxNkxDf";;@DouglasDucote;#MAGA #QAnon #WeThePeople #JESUSLIVES #GodIsInCharge #WWG1WGA #RedWaveRising #FreeTommyRobinson #WalkAway #OffThePlantation #IGReport #PTSD #PTSDAwarenessMonth;"1007453374239784961";https://twitter.com/ChrissyMAGAOne/status/1007453374239784961;0
ApolloSLK;2018-06-14 22:40;0;0;"3) and you still trust HRC over Trump? Youre a special kind of ignorant aren't you? #LiberalismIsAMentalDisorder #WalkAway";;;#LiberalismIsAMentalDisorder #WalkAway;"1007452774626398208";https://twitter.com/ApolloSLK/status/1007452774626398208;0
ChrissyMAGAOne;2018-06-14 22:39;4;3;"#MAGA #QAnon #WeThePeople #JESUSLIVES #GodIsInCharge #WWG1WGA #RedWaveRising #FreeTommyRobinson #WalkAway #OffThePlantation **NEW Q POSTS 6/14/18** pic.twitter.com/JoB1aLvvyy";;;#MAGA #QAnon #WeThePeople #JESUSLIVES #GodIsInCharge #WWG1WGA #RedWaveRising #FreeTommyRobinson #WalkAway #OffThePlantation;"1007452471738884096";https://twitter.com/ChrissyMAGAOne/status/1007452471738884096;0
ChrissyMAGAOne;2018-06-14 22:33;0;0;"#MAGA #QAnon #WeThePeople #JESUSLIVES #GodIsInCharge #WWG1WGA #RedWaveRising #FreeTommyRobinson #WalkAway #OffThePlantation #FIRESESSIONS ⁦ @realDonaldTrump ⁩ !!!! https://www. nytimes.com/2018/06/08/us/ politics/trump-marijuana-bill-states.html …";;@realDonaldTrump;#MAGA #QAnon #WeThePeople #JESUSLIVES #GodIsInCharge #WWG1WGA #RedWaveRising #FreeTommyRobinson #WalkAway #OffThePlantation #FIRESESSIONS;"1007451048221466624";https://twitter.com/ChrissyMAGAOne/status/1007451048221466624;0
ApolloSLK;2018-06-14 22:30;0;0;"Never said theres evidence for jail time for hillary although Im sure there is some fire where there is smoke. Liberals crybabies all over made this investigation happen and the liberals in NY did it as a political move to oust Trump. Just a biased decision thats all. #WalkAway";;;#WalkAway;"1007450202607939589";https://twitter.com/ApolloSLK/status/1007450202607939589;0
JenniferJepsen;2018-06-14 22:28;1;1;"#WalkAway #UnsilentMinority #LiberalHypocrisy #LiberalismIsAMentalDisorder #standup #Resist #resistliberalism #resisthate @usminority https://www. facebook.com/usminority/vid eos/486555651765405/ …";;@usminority;#WalkAway #UnsilentMinority #LiberalHypocrisy #LiberalismIsAMentalDisorder #standup #Resist #resistliberalism #resisthate;"1007449850462593024";https://twitter.com/JenniferJepsen/status/1007449850462593024;0
HiDesertPatriot;2018-06-14 22:26;0;0;"Yuuuuuuuuuup! #WalkAway https:// twitter.com/TN_SillyMan/st atus/1007444131591778305 …";;;#WalkAway;"1007449134247260160";https://twitter.com/HiDesertPatriot/status/1007449134247260160;1
voelker_frank;2018-06-14 22:18;0;0;"A video, which makes you think: #WalkAway Campaign- WHY I LEFT LIBERALISM & THE DEMOCRATIC PARTY https:// youtu.be/4Pjs7uoOkag via @YouTube";;@YouTube;#WalkAway;"1007447145136484352";https://twitter.com/voelker_frank/status/1007447145136484352;0
thestylepage;2018-06-14 22:16;0;0;"#WalkAway - WHY I LEFT LIBERALISM & @TheDemocrats - and you should too https:// youtu.be/4Pjs7uoOkag via @YouTube";;@TheDemocrats @YouTube;#WalkAway;"1007446611251875840";https://twitter.com/thestylepage/status/1007446611251875840;0
NeonV6;2018-06-14 21:57;0;0;"@usminority just a thought but many Brits want the UK government to just #WalkAway from EU negotiations. #BREXIT Might I suggest @RedPillPhil @AMDWaters @ForBritainParty @Imamofpeace #FreeTommyRobinson";;@usminority @RedPillPhil @AMDWaters @ForBritainParty @Imamofpeace;#WalkAway #BREXIT #FreeTommyRobinson;"1007441991196663810";https://twitter.com/NeonV6/status/1007441991196663810;0
ApolloSLK;2018-06-14 21:46;0;0;"Again Joe youre off base. Anyone can tell that this lawsuit is politically biased and some how HRC's foundation still hasnt even been looked at. What else will the #loserliberals reach for next? And what will you get them all worked up over Joe? Huh? #WalkAway";;;#loserliberals #WalkAway;"1007439107247755264";https://twitter.com/ApolloSLK/status/1007439107247755264;0
rebelgirl1776;2018-06-14 21:29;0;1;"This is a great movement!! Share and retweet! #walkaway https:// twitter.com/usminority/sta tus/1007191747355729920 …";;;#walkaway;"1007434944283664384";https://twitter.com/rebelgirl1776/status/1007434944283664384;1
travisboothe1;2018-06-14 21:21;0;1;"#WalkAway";;;#WalkAway;"1007432834867449856";https://twitter.com/travisboothe1/status/1007432834867449856;0
CountryByAudrey;2018-06-14 21:20;0;6;""WE CALL THEM NAMES, LIKE DEPLORABLES, THEN WE SAY, WE GO HIGHER!" Please keep out of our education system, Liberal Democrats have brainwashed enough teachers, professors & students already, #WalkAway";;;#WalkAway;"1007432568986271745";https://twitter.com/CountryByAudrey/status/1007432568986271745;0
TriciaStella21;2018-06-14 21:12;3;3;"check out the #walkaway campaign.";;;#walkaway;"1007430700935589888";https://twitter.com/TriciaStella21/status/1007430700935589888;0
KarinMcwilliams;2018-06-14 20:38;0;0;"#walkaway";;;#walkaway;"1007422009842675712";https://twitter.com/KarinMcwilliams/status/1007422009842675712;0
ApolloSLK;2018-06-14 20:23;0;0;"@WalshFreedom joe are you really going to sit back and ignore this? #WalkAway";;@WalshFreedom;#WalkAway;"1007418372164857857";https://twitter.com/ApolloSLK/status/1007418372164857857;0
Angelfire_5;2018-06-14 20:23;1;2;"#WalkAway Every last democrat supporter, every last #Leftist needs to HEAR this. Get #Woke https://www. facebook.com/WorldCloudLA/v ideos/780358088755042/ …";;;#WalkAway #Leftist #Woke;"1007418196805107712";https://twitter.com/Angelfire_5/status/1007418196805107712;0
denafreeman22;2018-06-14 20:00;0;0;"https://www. facebook.com/1692567481/pos ts/10204930583339646/ … #walkaway";;;#walkaway;"1007412574827118592";https://twitter.com/denafreeman22/status/1007412574827118592;0